feature,feature_chinese,importance,rank
Hour,小时,465.4097843257036,1
Day_of_Week,星期,323.906296434269,2
Week_of_Month,周数,220.51685271581906,3
Temperature,温度,35.408874882484476,4
